{
  "timestamp": "2025-11-06T16:32:35.613799",
  "timeframe": "1h",
  "pairs_tested": [
    "GBPCAD=X",
    "USDCAD=X",
    "EURJPY=X"
  ],
  "strategies_tested": [
    "RSI Divergence Momentum",
    "Stochastic RSI Breakout",
    "MACD Trend Following",
    "CCI Extreme Reversal",
    "Williams %R Bounce",
    "TSI Signal Line Cross",
    "ROC Acceleration",
    "Ultimate Oscillator",
    "Awesome Oscillator",
    "Balance of Power"
  ],
  "results": {
    "GBPCAD=X": {
      "rsi_divergence_momentum": {
        "summary": {
          "starting_balance": 10000.0,
          "ending_balance": 8317.356117005178,
          "trades": 128,
          "wins": 45,
          "losses": 83,
          "net_pnl": -1682.643882994822
        },
        "trades": 128,
        "wins": 45,
        "win_rate": 35.15625,
        "net_pnl": -1682.643882994822
      },
      "stoch_rsi_breakout": {
        "summary": {
          "starting_balance": 10000.0,
          "ending_balance": 2872.8493025759512,
          "trades": 715,
          "wins": 244,
          "losses": 471,
          "net_pnl": -7127.150697424049
        },
        "trades": 715,
        "wins": 244,
        "win_rate": 34.12587412587413,
        "net_pnl": -7127.150697424049
      },
      "macd_trend_following": {
        "summary": {
          "starting_balance": 10000.0,
          "ending_balance": 275.02306262448934,
          "trades": 1750,
          "wins": 584,
          "losses": 1166,
          "net_pnl": -9724.97693737551
        },
        "trades": 1750,
        "wins": 584,
        "win_rate": 33.371428571428574,
        "net_pnl": -9724.97693737551
      },
      "cci_extreme_reversal": {
        "summary": {
          "starting_balance": 10000.0,
          "ending_balance": 9591.652913864149,
          "trades": 9,
          "wins": 2,
          "losses": 7,
          "net_pnl": -408.347086135851
        },
        "trades": 9,
        "wins": 2,
        "win_rate": 22.22222222222222,
        "net_pnl": -408.347086135851
      },
      "williams_r_bounce": {
        "summary": {
          "starting_balance": 10000.0,
          "ending_balance": 1968.4720058120101,
          "trades": 1269,
          "wins": 445,
          "losses": 824,
          "net_pnl": -8031.52799418799
        },
        "trades": 1269,
        "wins": 445,
        "win_rate": 35.066981875492516,
        "net_pnl": -8031.52799418799
      },
      "tsi_signal_cross": {
        "summary": {
          "starting_balance": 10000.0,
          "ending_balance": 4995.270818342857,
          "trades": 288,
          "wins": 94,
          "losses": 194,
          "net_pnl": -5004.729181657143
        },
        "trades": 288,
        "wins": 94,
        "win_rate": 32.63888888888889,
        "net_pnl": -5004.729181657143
      },
      "roc_acceleration": {
        "summary": {
          "starting_balance": 10000.0,
          "ending_balance": 1206.0099165342112,
          "trades": 747,
          "wins": 232,
          "losses": 515,
          "net_pnl": -8793.99008346579
        },
        "trades": 747,
        "wins": 232,
        "win_rate": 31.05756358768407,
        "net_pnl": -8793.99008346579
      },
      "ultimate_oscillator": {
        "summary": {
          "starting_balance": 10000.0,
          "ending_balance": 8544.226328710698,
          "trades": 29,
          "wins": 8,
          "losses": 21,
          "net_pnl": -1455.773671289302
        },
        "trades": 29,
        "wins": 8,
        "win_rate": 27.586206896551722,
        "net_pnl": -1455.773671289302
      },
      "awesome_oscillator": {
        "summary": {
          "starting_balance": 10000.0,
          "ending_balance": 8143.448238122345,
          "trades": 64,
          "wins": 19,
          "losses": 45,
          "net_pnl": -1856.5517618776548
        },
        "trades": 64,
        "wins": 19,
        "win_rate": 29.6875,
        "net_pnl": -1856.5517618776548
      },
      "balance_of_power": {
        "summary": {
          "starting_balance": 10000.0,
          "ending_balance": 569.1421215744883,
          "trades": 1525,
          "wins": 514,
          "losses": 1011,
          "net_pnl": -9430.857878425511
        },
        "trades": 1525,
        "wins": 514,
        "win_rate": 33.704918032786885,
        "net_pnl": -9430.857878425511
      }
    },
    "USDCAD=X": {
      "rsi_divergence_momentum": {
        "summary": {
          "starting_balance": 10000.0,
          "ending_balance": 7179.75075019184,
          "trades": 130,
          "wins": 40,
          "losses": 90,
          "net_pnl": -2820.24924980816
        },
        "trades": 130,
        "wins": 40,
        "win_rate": 30.76923076923077,
        "net_pnl": -2820.24924980816
      },
      "stoch_rsi_breakout": {
        "summary": {
          "starting_balance": 10000.0,
          "ending_balance": 991.0437305411356,
          "trades": 687,
          "wins": 209,
          "losses": 478,
          "net_pnl": -9008.956269458864
        },
        "trades": 687,
        "wins": 209,
        "win_rate": 30.42212518195051,
        "net_pnl": -9008.956269458864
      },
      "macd_trend_following": {
        "summary": {
          "starting_balance": 10000.0,
          "ending_balance": 261.0629673282719,
          "trades": 1978,
          "wins": 659,
          "losses": 1319,
          "net_pnl": -9738.937032671729
        },
        "trades": 1978,
        "wins": 659,
        "win_rate": 33.3164812942366,
        "net_pnl": -9738.937032671729
      },
      "cci_extreme_reversal": {
        "summary": {
          "starting_balance": 10000.0,
          "ending_balance": 10188.8836,
          "trades": 4,
          "wins": 2,
          "losses": 2,
          "net_pnl": 188.8835999999992
        },
        "trades": 4,
        "wins": 2,
        "win_rate": 50.0,
        "net_pnl": 188.8835999999992
      },
      "williams_r_bounce": {
        "summary": {
          "starting_balance": 10000.0,
          "ending_balance": 421.24391870864616,
          "trades": 1169,
          "wins": 364,
          "losses": 805,
          "net_pnl": -9578.756081291354
        },
        "trades": 1169,
        "wins": 364,
        "win_rate": 31.137724550898206,
        "net_pnl": -9578.756081291354
      },
      "tsi_signal_cross": {
        "summary": {
          "starting_balance": 10000.0,
          "ending_balance": 3170.6984266419536,
          "trades": 303,
          "wins": 88,
          "losses": 215,
          "net_pnl": -6829.301573358047
        },
        "trades": 303,
        "wins": 88,
        "win_rate": 29.042904290429046,
        "net_pnl": -6829.301573358047
      },
      "roc_acceleration": {
        "summary": {
          "starting_balance": 10000.0,
          "ending_balance": 3003.074398106047,
          "trades": 599,
          "wins": 198,
          "losses": 401,
          "net_pnl": -6996.925601893953
        },
        "trades": 599,
        "wins": 198,
        "win_rate": 33.0550918196995,
        "net_pnl": -6996.925601893953
      },
      "ultimate_oscillator": {
        "summary": {
          "starting_balance": 10000.0,
          "ending_balance": 7145.904049518459,
          "trades": 67,
          "wins": 18,
          "losses": 49,
          "net_pnl": -2854.095950481541
        },
        "trades": 67,
        "wins": 18,
        "win_rate": 26.865671641791046,
        "net_pnl": -2854.095950481541
      },
      "awesome_oscillator": {
        "summary": {
          "starting_balance": 10000.0,
          "ending_balance": 6971.741657102719,
          "trades": 83,
          "wins": 24,
          "losses": 59,
          "net_pnl": -3028.258342897281
        },
        "trades": 83,
        "wins": 24,
        "win_rate": 28.915662650602407,
        "net_pnl": -3028.258342897281
      },
      "balance_of_power": {
        "summary": {
          "starting_balance": 10000.0,
          "ending_balance": 1206.290662784138,