{
  "GBPCAD=X": {
    "1h": {
      "S1": {
        "trades": 20,
        "wins": 9,
        "losses": 11,
        "net": 839.9180820114161,
        "pf": 1.605000486432533
      },
      "S2": {
        "trades": 679,
        "wins": 265,
        "losses": 414,
        "net": 26212.921968609793,
        "pf": 1.2424381224664214
      },
      "S3": {
        "trades": 2802,
        "wins": 1000,
        "losses": 1802,
        "net": 58538.47584481808,
        "pf": 1.0640948918935802
      },
      "S4": {
        "trades": 148,
        "wins": 51,
        "losses": 97,
        "net": 392.5330337402156,
        "pf": 1.0297538655753644
      },
      "S5": {
        "trades": 494,
        "wins": 186,
        "losses": 308,
        "net": 9995.435523058757,
        "pf": 1.154718568862882
      },
      "S6": {
        "trades": 376,
        "wins": 147,
        "losses": 229,
        "net": 10579.45819100897,
        "pf": 1.2511245826874995
      },
      "S7": {
        "trades": 0,
        "wins": 0,
        "losses": 0,
        "net": 0.0,
        "pf": Infinity
      },
      "S8": {
        "trades": 602,
        "wins": 243,
        "losses": 359,
        "net": 31747.701583915354,
        "pf": 1.395659292538394
      },
      "S9": {
        "trades": 177,
        "wins": 69,
        "losses": 108,
        "net": 3945.915313018122,
        "pf": 1.2684162805392605
      },
      "S10": {
        "trades": 1523,
        "wins": 583,
        "losses": 940,
        "net": 109234.69177589972,
        "pf": 1.1456417227955116
      }
    },
    "4h": {
      "S1": {
        "trades": 5,
        "wins": 1,
        "losses": 4,
        "net": -242.7432065433586,
        "pf": 0.49112334263278407
      },
      "S2": {
        "trades": 173,
        "wins": 56,
        "losses": 117,
        "net": -809.0566643782367,
        "pf": 0.9485609896950962
      },
      "S3": {
        "trades": 744,
        "wins": 350,
        "losses": 394,
        "net": 328801.2293729417,
        "pf": 1.5148735419400605
      },
      "S4": {
        "trades": 33,
        "wins": 13,
        "losses": 20,
        "net": 691.4923137360547,
        "pf": 1.280760240119974
      },
      "S5": {
        "trades": 123,
        "wins": 38,
        "losses": 85,
        "net": -1255.1511131573352,
        "pf": 0.8763500390047801
      },
      "S6": {
        "trades": 79,
        "wins": 28,
        "losses": 51,
        "net": 450.9291464029084,
        "pf": 1.0694517807371426
      },
      "S7": {
        "trades": 0,
        "wins": 0,
        "losses": 0,
        "net": 0.0,
        "pf": Infinity
      },
      "S8": {
        "trades": 145,
        "wins": 53,
        "losses": 92,
        "net": 1535.3338351685852,
        "pf": 1.1095084927610326
      },
      "S9": {
        "trades": 49,
        "wins": 18,
        "losses": 31,
        "net": 540.579829044269,
        "pf": 1.1417363354752976
      },
      "S10": {
        "trades": 381,
        "wins": 149,
        "losses": 232,
        "net": 10717.627641524672,
        "pf": 1.2013050132223517
      }
    }
  },
  "USDCAD=X": {
    "1h": {
      "S1": {
        "trades": 28,
        "wins": 11,
        "losses": 17,
        "net": 572.2538162560923,
        "pf": 1.2732371885796365
      },
      "S2": {
        "trades": 728,
        "wins": 262,
        "losses": 466,
        "net": 7870.250856248378,
        "pf": 1.0955849215628508
      },
      "S3": {
        "trades": 2779,
        "wins": 927,
        "losses": 1852,
        "net": -3668.501423644395,
        "pf": 0.9869898795498822
      },
      "S4": {
        "trades": 121,
        "wins": 38,
        "losses": 83,
        "net": -958.8275480386546,
        "pf": 0.896787508888889
      },
      "S5": {
        "trades": 487,
        "wins": 154,
        "losses": 333,
        "net": -3077.6130782102864,
        "pf": 0.9150258907875413
      },
      "S6": {
        "trades": 395,
        "wins": 133,
        "losses": 262,
        "net": -290.49754656229925,
        "pf": 0.9916101477775126
      },
      "S7": {
        "trades": 0,
        "wins": 0,
        "losses": 0,
        "net": 0.0,
        "pf": Infinity
      },
      "S8": {
        "trades": 670,
        "wins": 223,
        "losses": 447,
        "net": -1094.9406005514138,
        "pf": 0.9726694346390092
      },
      "S9": {
        "trades": 194,
        "wins": 62,
        "losses": 132,
        "net": -1158.7433604306152,
        "pf": 0.9191465316397902
      },
      "S10": {
        "trades": 1395,
        "wins": 498,
        "losses": 897,
        "net": 16491.393053307896,
        "pf": 1.088812841820181
      }
    },
    "4h": {
      "S1": {
        "trades": 3,
        "wins": 1,
        "losses": 2,
        "net": -4.285439999999653,
        "pf": 0.9822479559698406
      },
      "S2": {
        "trades": 173,
        "wins": 58,
        "losses": 115,
        "net": -355.0649624628859,
        "pf": 0.9741948151172057
      },
      "S3": {
        "trades": 739,
        "wins": 328,
        "losses": 411,
        "net": 139092.52027806567,
        "pf": 1.355699718366758
      },
      "S4": {
        "trades": 30,
        "wins": 11,
        "losses": 19,
        "net": 320.04212921548606,
        "pf": 1.1381995176150583
      },
      "S5": {
        "trades": 129,
        "wins": 36,
        "losses": 93,
        "net": -2358.2243092337803,
        "pf": 0.7548388747781977
      },
      "S6": {
        "trades": 82,
        "wins": 34,
        "losses": 48,
        "net": 2546.7679524109444,
        "pf": 1.3837116555349616
      },
      "S7": {
        "trades": 0,
        "wins": 0,
        "losses": 0,
        "net": 0.0,
        "pf": Infinity
      },
      "S8": {
        "trades": 160,
        "wins": 66,
        "losses": 94,
        "net": 5379.773141107073,
        "pf": 1.4483639359114764
      },
      "S9": {
        "trades": 46,
        "wins": 17,
        "losses": 29,
        "net": 545.0988678935173,
        "pf": 1.151210995808095
      },
      "S10": {
        "trades": 371,
        "wins": 138,
        "losses": 233,
        "net": 5169.691112541092,
        "pf": 1.1497522696575855
      }
    }
  },
  "EURJPY=X": {
    "1h": {
      "S1": {
        "trades": 13,
        "wins": 2,
        "losses": 11,
        "net": -818.2322389986912,
        "pf": 0.3531214746506741
      },
      "S2": {
        "trades": 668,
        "wins": 244,
        "losses": 424,
        "net": 9504.459744931348,
        "pf": 1.1619892637868618
      },
      "S3": {
        "trades": 2914,
        "wins": 945,
        "losses": 1969,
        "net": -7417.21407240693,
        "pf": 0.9466930650291548
      },
      "S4": {
        "trades": 139,
        "wins": 52,
        "losses": 87,
        "net": 2007.4814503025682,
        "pf": 1.1811239403869893
      },
      "S5": {
        "trades": 519,
        "wins": 180,
        "losses": 339,
        "net": 1928.7904736534128,
        "pf": 1.047195814502426
      },
      "S6": {
        "trades": 393,
        "wins": 135,
        "losses": 258,
        "net": 909.0228137387785,
        "pf": 1.030885970004845
      },
      "S7": {
        "trades": 0,
        "wins": 0,
        "losses": 0,
        "net": 0.0,
        "pf": Infinity
      },
      "S8": {
        "trades": 663,
        "wins": 231,
        "losses": 432,
        "net": 2715.1962989095227,
        "pf": 1.0376557242170394
      },
      "S9": {
        "trades": 188,
        "wins": 63,
        "losses": 125,
        "net": -45.70981203117299,
        "pf": 0.9968940299337772
      },
      "S10": {
        "trades": 1607,
        "wins": 556,
        "losses": 1051,
        "net": 5779.093994768811,
        "pf": 1.0557924446865818
      }
    },
    "4h": {
      "S1": {
        "trades": 1,
        "wins": 1,
        "losses": 0,
        "net": 240.0,
        "pf": Infinity
      },